48 Hours,COE_DJj35nIga2KiyeJPQfik1ayb4SJN,The Family: A Cult Revealed [Part 2],27
48 Hours,Xi6_vc51XokXiSlGPIFPHKcGcXrpvUk5,The Family: A Cult Revealed [Part 1],022418
48 Hours,EjqLc0CX3Op1L1hDpTMoKCrd6oDLtylP,Rodney Alcala: The Killing Game,26
48 Hours,548UZkSrwh7nwD02Ag1O5OkxB8g_KKDQ,Paradise Lost,022418
48 Hours,WZYAGxIG9d_IxaxxdoLzOuBU25_Qx6Be,Natalie Wood: Death in Dark Water,25
48 Hours,3GKHIj_z1LDX9OTXi38Au7Rz0JfEREFk,A Brother's Mission,021718
48 Hours,EE6fYoR4xSIjN0Byf_LDpnlPgMCN_QOg,Sins of the Father,24
48 Hours,RVBNDun9KfIidTJNF1gty3iW8vQ5FmvV,"All-American Murder: A ""48 Hours"" Special",021018
48 Hours,ZB9bw5TrIJZNKxfnoGqqfLtDxTq_uPoo,Murder in the Mansion,23
48 Hours,4JUKlA7yNggn0Xg46EGMZQBmvdgJjZNU,Grapes of Wrath,020318
48 Hours,bHkeKp_dKf_dB_ew045_Suuk6zY6ONVY,"""48 Hours"" Presents: Bad Boy",22
48 Hours,ifbl7_UGKo2Kkfft2X4y1HiW947F7g7N,Murder by Design,020318
48 Hours,rfsVgs6mBYXkHi4GuN9_D5xB_NmaW_MO,Secrets of Waco,21
48 Hours,_Ncm1zitjQWwVch_boVIzX0ScckXUzpP,The Evidence Room,012718
48 Hours,_7XNJO_5ZslfwP0xQFu8QxfiRAO_NXOI,The DNA of a Killer,20
48 Hours,5wemw96_K_FHDrFOtSOtcElAMCRLb7__,Guilty Until Proven Innocent,012018
48 Hours,VA2hyEP_RjMwPbqKT8yxrKN1kY_kZ830,The Psychiatrist & the Selfie,19
48 Hours,peSR5PUSvhc42G_ZaBq6L2vcRUv4TSi5,A Brother's Mission,012018
48 Hours,BkNqh8ESSlbkfmDCSx9taDwEjyDB3mdp,Taken Away,18
48 Hours,ECC4_92GBNg1oEBVcNeBZJby7E9jIprk,Murder on the Cape,010618
48 Hours,RTS2y09uegP8vrHP_M3Wr8Yi1ZnhW_NH,Reality Kills,17
48 Hours,s912uD_MkHt4MAsBYb1rkttTt0nemIuB,Storm of Suspicion,123017
48 Hours,4EGEavWp_fmQefriEGZ7i_2rAl1SxQrF,Red Notice for Murder,16
48 Hours,39_R7bxvncCoi_aIeZnz99GnrzXBAC3Q,"Love, Hate & Obsession",123017
48 Hours,aWOcbgkozoJdVnfyvBllSkdPak_hTBBA,Operation Murder,15
48 Hours,xNenaqliiLCx8B8bqBHro9AzgMG1ao8h,Moment of Truth,122917
48 Hours,CcbhvacVNlV0FUAvMN9dz_uXwmmqaVHM,The Widow on Solway Road,14
48 Hours,vHN4U1ylnl5IwfDGxbT6k_N75m6wLQPz,O.J. Simpson: Endgame,122317
48 Hours,Mb4qIEBT6q6ZZI6kn5K4JHhw_P4Lp_bl,Who Killed Kay Wenal?,13
48 Hours,Q6n2JEqRSn5_YUI1N83e4JgeG5Jnbngy,Hunted,121617
48 Hours,KV2nF6tJaIN8sgkWACZB_cX5RmaGbjtx,Stalked: Part 2,12
48 Hours,1Hw9wLByyzwiJAG_sBODP4eTRAN9uGtu,Stalked: Part 1,120917
48 Hours,t4YL2N3i4OyerFuoBXXPD58tGbao6jhq,The Railroad Killer,11
48 Hours,YoJA7luwwN8kbuO_uwKaKfTGk0XI3yM2,Last Chance for Freedom,120217
48 Hours,UaUozVm_ZyzLg1d87LlHDkj6TzHSigp6,Eleven Hundred Miles to Murder,10
48 Hours,m7hrNi0szpEh6MjtQHqYx6VqLZm3JPPq,Death by Text,112517
48 Hours,VsWdoqy2hR0V00zf_yCLGspd1w8F7V_m,The Strange Life of Dr. Schwartz,9
48 Hours,cAYPu5DDd5bwPmRUQ_Xv1FRSWUKsImDC,Death on the Hudson,111817
48 Hours,xoKkXddcBV2BlJUZLqtHE7GAtFzVLOnG,"The Mortician, The Murder, The Movie",8
48 Hours,cIN_BZt36gzu8btJnpScbIf0hXX6DNQh,Ryan Poston Murder Part 2: Obsessed,111817
48 Hours,CcbcoRc__IemGKMwDtJX7jZj9UMgRriL,Ryan Poston Murder Part 1: Breaking Point,7
48 Hours,Ro_eRpfQlwrZVtFxIeI7nNgW5svT3HTu,The Soldier's Wife,111117
48 Hours,v8B9iaHMjImCbZUjHHN7fr_z0RS74IRE,Crime & Punishment,6
48 Hours,vFuAW_XM1_wMPg7Ed88sHxoZKG99n2zb,The Secret Life of Paige Birgfeld,102817
48 Hours,2qonYRUTWclgcmQj64dbJa4rwzU4fGXd,Serial Confessions,5
48 Hours,MtN9RkXpzz4EkCy6vowZF4km0q9vjGV5,The Accidental Husband,102117
48 Hours,Pdro8gOPS1JgZOrV5VDRZJlT6KMtv2F_,Who Killed Amy Gellert?,4
48 Hours,kWd0RETQhwhxAKc7lxHA0otD8u3strdv,Death by Text,102117
48 Hours,zg7fwiNWlnv1mVIBCf8HIWnjm1_jKvmT,"""48 Hours: NCIS:"" The Sting",3
48 Hours,EDCguSS3y2BQ5_UnCY_84VxHJh8SA6_Z,Driven to Extremes,101417
48 Hours,8ttFG7udMDvRcuocPDXGo1GAjT5wKEyQ,Shadow of Death,2
48 Hours,pNA2owJZoKVNZCKMuXBeHEPwPScrp9DL,"""48 Hours: NCIS:"" Body of Evidence",100717
48 Hours,yf7sejDAKD7ZPLhtH_GR6AqvqiTrfsiV,Killer App,1
48 Hours,QpM5BJjBVEAUFi7ydR9LusS69DPLqPJ1,Cold as Ice,093017
48 Hours,yGqcjfXB82ZZ8NDCmUE1dcZ9UPaWHJ7y,"48 Hours: NCIS: Terrorists, Spies, Hackers",73
48 Hours,m1vmqGEF7l4oY1jg82TZSMfAH4LA0l1P,"""48 Hours"" Presents: The Hit",093017
48 Hours,1XFWxTw8OVjjH2AOHypagLCOqmd47JTj,Death of an Olympian,72
48 Hours,ZV_R21JBUniDN7wbPp__z5xZiU3uXaTF,"""48 Hours: NCIS:"" One of Their Own",092317
48 Hours,Y3G_XUdCMe5dLTISgaa7PyMXYRspiTZa,Murder by Design,71
48 Hours,Yume7Cq805Uef0AdyQtCvvhrExvd0Xl9,Murder in the Mansion,091617
48 Hours,U4woOO5V7R8FVBDFA0T_zQ9fYTxlXWoC,My Name is Victoria,70
48 Hours,zDYHyAiV762cZjHAMG1ljqSm1oMDlRCy,"""48 Hours: NCIS:"" To Catch a Killer",090917
48 Hours,uSXnhdnTYJiP7Aem_IkAACI9Uw1eWNwg,Resident Evil,70
48 Hours,Y_P59rBW7OF9Uu8GufAcRNRDSxzK8vR1,The Family: A Cult Revealed [Part 2],090917
48 Hours,iV7xXT_Qaa_Db1cTq1Q94GU91S1RKAEp,The Family: A Cult Revealed,69
48 Hours,zmEYiYnJvnkrtK3SlBJsJcaTMzSLzKsP,"""48 Hours: NCIS:"" The Double Cross",090217
48 Hours,1OvONdeklF9fCycA9X17s_NluUCLzwNx,The Golden State Killer,67
48 Hours,zKE1aMrY8RnKJJuoJzHR3n4Kse1wxzaa,The DNA of a Killer,081917
48 Hours,XkSwdfo6B71RKoH5_uRbP61VIxPGIhGk,Death and the Dentist,66
48 Hours,RgknxnmsTMWgLZHJzrTY44ksasxMwLgo,The Alternate Suspects,081217
48 Hours,7h5pE_nykdjCmUWMlxSQfsOQhtSBTBmS,What Happened in Apt. 1601?,65
48 Hours,2p7lGBPtsGiV_F6KOgX8C7gaR_ZuDYzz,Death on Valentine's Day,080517
48 Hours,Ty3jzw71pJfaIV6Pc5E0_s4JoRMvoie4,Blood in the Sand,64
48 Hours,7qeMkgB5iS94zBbgBjRIE10U_AXQWkvM,Afraid of the Dark,072917
48 Hours,XtxqqfDlhKXaNu6u8K9yOCVxrhEhYhkM,Eleven Hundred Miles to Murder,63
48 Hours,I6BCSUEMVx6_0bHaHe8PlNXGg7ORmQdu,The Strange Life of Dr. Schwartz,072917
48 Hours,gvuctm35fnMGMtWMYPdcRI1dY_aPS1U5,Murder in Beverly Hills,62
48 Hours,owTBH3oVXRe7ZviQT3tTjhtJPYFtQBKv,Guilty Until Proven Innocent,072217
48 Hours,fYLPDYK_OiggCIa9qLtfzx48XztYEvRG,Who killed Kay Wenal?,61
48 Hours,VbycbkV7JgI9RlIOrvyTui2GDZj2fLf9,Devil's Island,071517
48 Hours,SfCZH142b2Ao40NrbUWPTwv9sw86lA2D,Innocence Lost,61
48 Hours,KIeI9FGjpIPF0pINwpSQzwbC81y3PVwi,Crime & Punishment,071517
48 Hours,yrW_56xS_lcOxweGU_gn8QpVTXQsvle0,Janet's Secret,60
48 Hours,zwTDwpnNundhoc8ABr6jNRwI92fRfmFg,Mommy Dearest,070817
48 Hours,chcCg6D2blW0UdS0dVGb2j0YfyVZ1h5h,Road to Redemption,59
48 Hours,d18Lf6VYb2KrjJHDSsXB3rfFrVyN7Wwv,The Birthday Party,070117
48 Hours,ssTwKkUNYjPRKPPeYw6Z_6x9sHvLksTN,The Fight for Melissa,58
48 Hours,1GvNWxwtt50hqrnjydXeL9ZSQEEvofj8,Target Justice,070117
48 Hours,EiaaEvEjyFyJMgWcz2qN_TB3U1bv4EbR,Psychiatrist & the Selfie,57
48 Hours,wtOTctgeO_6bOKJg4cySBSItFK8d6gGP,The Long Road Home,062417
48 Hours,VPDBaue3fmN4ph4Nyp9mK89VGkVePB91,48 Hours: Hunted,56
48 Hours,KiLLG7sTWb__Z6bfVB84wk7uCkFXM0dV,Sophia's Secret,062417
48 Hours,XOqMI2Kt33EDrJZHWgZSJWqRQdC7HiKS,Buried Truth,55
48 Hours,ADMuBL_nGi0xpLTDcpMGR5CxE3CCKgEm,Bad Boy,061717
48 Hours,EFNqzWfuVL2qLjPFTQez6eUJBs0lZ7Yt,Death After Midnight,54
48 Hours,pJLClHwRVFAj0xntXlZnaSG32jdQPrhx,Driven to Extremes,061617
48 Hours,3bRzB7UOEg8mqwPE6FO1Jy5MnPn9ftD8,Shadow of Death,53
48 Hours,I4KieixQcW30sp0F1opAvHpeR9vsDpuQ,Killer Performance,061317
48 Hours,ZSB0k_78_MNPXX2GdF1HA8Puvi37n1f_,"The Mortician, The Murder, The Movie",52
48 Hours,k4__C1XSi9GZQCUa_3leX62Qi4tvoks3,My Mother's Murder,061017
48 Hours,btpdDSRptPzHWybHYTGUjdNo6wNNN7Fu,Killer App,51
48 Hours,8_s6Ivym2_ERQF6qNS5Fn7uOAxH491UJ,Death and the Dentist,061017
48 Hours,P_CnM1T5b06ZVBrt9LEkg20Ss6HWXzRc,A Mother Accused,50
48 Hours,bbE6Qw859a4Qd10k1b8eI7Rwfv5DaEuR,Student of Murder,060617
48 Hours,kRV5V6T75Ot5zb9z_Fg8WtYmRL7nNdku,"""48 Hours"" Presents: Temptation in Texas",49
48 Hours,Yl1GKLQASZeQWFfIye_W8bKORNxDof5y,Hollywood Secrets,060317
48 Hours,ISXSvvODyOToKBqI4k6savqcVoLKQA1S,The Preppy Killer,48
48 Hours,2mUVRzrycEIbEZaWdjzmtJn_7We1hRRf,Eliminating the Threat?,060317
48 Hours,D_kCnxf20M5nt8NYSn4VuKCD7ncUyCWq,A Raging Son,47
48 Hours,3_1eZiIXbQCLcJYEvBnEIvqWoy_oJUdo,"The Millionaire, The Model & The Hitman",053017
48 Hours,8SE1X6Qw2Du7njQ8TF7If_X__KMt_Flr,To Catch a Genius,46
48 Hours,2Yn8DdOlltGuMQH4uLRFhG9AUjsfQxMF,The Hunter: Searching for Kelli Bordeaux,052717
48 Hours,0vAsNcQkhZBe0NVxssRgGJ0em_4Ye6Cr,Kiss of Death and the Google Exec,45
48 Hours,FDoIVGyc0tbUtiCRtkc8kozkCPnf28xG,Vengeance in Vegas,052717
48 Hours,tzshQpvez9ZwhWsQwo__EAzbgS2nAcyX,Dear Savanna,44
48 Hours,cBBtlXLuWeJyOxYW16dJmkRZnWSjVnCL,Death at Soho House,052317
48 Hours,PuXOHv79A3ZsZJIJ_lO3J6MixaJDxFoE,"""Bringing a Nation Together""",42
48 Hours,ghc2WvrUR7SEHwn_7EcJq_NKqkOmfLa_,The Bugs Bunny Defense,052017
48 Hours,UzaiYBBdQsEvNKoJEtDtQRniWC9w13HW,Power and Passion,41
48 Hours,N217BCbUsx1Kz_zhw2OV7J6dL4TcD8rM,"""48 Hours"" Live to Tell: I Remember Everything",051317
48 Hours,XeFVnuQI9bKiiyspmTv1olUgnPzJbIpN,A man wanted in the murder of his wife makes an outrageous claim: the U.S. wants to silence him for what he saw at Ground Zero,40
48 Hours,dbJGgCI1A_vUDUWMEi8wc8lxyawCsE_M,"A son fights to prove his father, a doctor, killed his mother, a noted scientist. But will his dad end up in prison?",051317
48 Hours,QsOwDa3pHoqcvInrfKUMEGSrRo_YdEO7,"Part 2: ""48 Hours"" goes inside the investigation of the death of the UVA student, the evidence that links one man to three horrific crimes, and now, his punishment",39
48 Hours,6P2XOtpNZ7DfiB2AguaLRyduAwA5Kuxc,"Part 1: ""48 Hours"" goes inside the investigation of the death of the UVA student, the evidence that links one man to three horrific crimes, and now, his punishment",051217
48 Hours,BZqTHInhFSdyfITR8XUl2BBeI_MSEGOP,Can a daughter's frantic 911 call convict or free her father from charges that he killed his wife?,38
48 Hours,_NVVXjZTpORqqzZGJYq_ZjDW_oa9O_QD,"Two convictions overturned, one hung jury and now a fourth trial comes to a close for the wealthy businessman accused of killing his estranged wife",050617
48 Hours,yP3IP58jFZu1PYgZ6B3GT3lhlw7L_FaM,A haunted highway where 18 or more girls and women have gone missing or murdered. Can a new $30 million investigation help find their killers?,37
48 Hours,K5_r5CY836I4EwSNrP7G6H5Dnj8S38F9,"All 12 living CIA directors share their passionate disagreements about the agency's past, its current mission, and its future",042917
48 Hours,rymz0lpkFIggS28cxHYcD2uhTISCmsJP,"All 12 living CIA directors share their passionate disagreements about the agency's past, its current mission, and its future.",37
48 Hours,X7wfUkLhsQgYUU830OJ9fs3iK_ROrPwW,Death of an Olympian,042917
48 Hours,JHPqDFBsKsMXWXkLr5Oln6DAAlprMC5y,The Soldier's Wife,36
48 Hours,9eIOsB8FfAby41cP8Jj4s__GdBniSeJ9,Blood in the Sand,042517
48 Hours,nShPC8rM_nWX6hxBcMa_paxLA8pBYx4Q,Ryan Poston Murder Part 2: Obsessed,35
48 Hours,7_rskEWAdal_2yKi5KVIxh_tCTGibZDy,Ryan Poston Murder Part 1: Breaking Point,042217
48 Hours,izeHUXnGKL4GK7_fYoWxJrauCT8dwSDG,The Last Confession,34
48 Hours,KqYSrpE6jNSKGsqP17BSlAeWEDH_wFx5,A Mother Accused,041517
48 Hours,VlVNT84j_lhaDrFsGUSXwrEIe7ZqG6v6,What Happened in Apt. 1601?,33
48 Hours,Wol8AYsaRgoU3LnakXQBgya1wDo_CMW5,"""48 Hours"": Gone",040817
48 Hours,0KfWPq9Dz6hlNV16jSxrXANX4M0V3VyZ,"""48 Hours"" Presents: Eliminating the Threat?",32
48 Hours,s9WoqzBt2LexcRJcUF8IGShSH83MZNem,Playing by the Rules?,032517
48 Hours,3snstYnN0c0MQfKsbvMOk4Qnm3J60pX7,Trail of Tears,31
48 Hours,jgxb6kO1u2yYVea5C_UltP_OMTI1dmBa,Sole Survivor,032517
48 Hours,JDQZ6onKM4hCE_c7iFlCh9kmeTyQq_C2,A Student of Murder,30
48 Hours,lcdwbQkM9o4vtS2VpAsFyXDyDLoMQTzC,What happens when a former hard-charging prosecutor is prosecuted for his wife's murder in his old courtroom?,031817
48 Hours,Ls8mbaEBcyUMPY5UC5KvZiOTAKDIdDzt,Target Justice,30
48 Hours,RccBAGSpToPth9_yCxs_UYGRXe_KJvPz,Murder 90210,031817
48 Hours,k61r3MFSTkPe5WYes8_Kc_adCxNEjxtW,Ryan Ferguson: Wrongfully Convicted,29
48 Hours,3lIDw2_vD3Nf5jrdzvV5jHxJuEXyBpvY,A Vision of Murder,031117
48 Hours,o_mkeIlVh_n8FHpZYHeXxYHWCIAxxL7S,"""48 Hours"" Live to Tell: My Name is Victoria",27
48 Hours,NBhlB8SxJXI_69NdQPwBZddASXtsWqv_,The Verdict,021817
48 Hours,_DcbjZbUfyXAudu9Qeq0F_nKHR4RkKlj,The Sober Truth,26
48 Hours,jSl7KmRgXl84XkbbC8aQRsdFeo1767pg,Love and Death in Alaska [Part 2],021117
48 Hours,VtyFD97zUMtWSDWi7dPQryPMhAZvlidv,Love and Death in Alaska [Part 1],25
48 Hours,HZDh_W0WQvUMchVkS2YLKnE1TKMREbSy,Murder in Aspen,021117
48 Hours,79rvngr1QQH_LgkLmfWXRfIxkjDAUqkd,The Two Faces of Todd Winkler,24
48 Hours,yHrzvUPx8tCDFRwetsT87fpY3LWDi6bX,Dear Savanna,020417
48 Hours,lXtJlP8OOTJ2L_ThrWI4BDW0M4af4yoQ,Road to Redemption,23
48 Hours,CfByK1GkJWG4zMTPEjyFGZCxRVQM7rbY,The Strange Case of Kurt Sonnenfeld,012817
48 Hours,Sc_Q0UgwdDqouHb_H67lCQ_y79ouSTYi,The Accidental Husband,22
48 Hours,u001jqEOlcZhQurQ9Rquzi_N6tH_F38A,The Bugs Bunny Defense,012117
48 Hours,gbQxdHHd0enhROR_JUvp9A3fvPLTf8Ax,The Pact,21
48 Hours,uxhCA8D7gBZrvSVyp7aiSkMI6HKpfd4N,The Hunter: Searching for Kelli Bordeaux,012117
48 Hours,nj2dvNjbDbiV0UWnFhS6LLinUdvgI70R,Vengeance in Vegas,20
48 Hours,pAA04lOxrx_vh_lGQqcog8nI7guZhsnN,Shadow of Death,010717
48 Hours,J6gm08ku3tROVSXqBoCccO2YbkM3Cy1x,The Doctor's Daughter,19
48 Hours,D2qOJyOqC7bUEG6oy4yh4tM56CRzS1Hh,Hannah Graham: Stalked by Evil [Part 2],123116
48 Hours,V3ymh73Kf_KUlHgfsIxcBPWeynHPUoLz,Hannah Graham: Deadly Connections [Part 1],18
48 Hours,NeMxVUufe6_oQSreLEoimlG9okgcPTup,A bright college student lured into the world of bondage and domination by a friend. She said no - and didn't survive the night. Was it murder?,123116
48 Hours,C7sBoXjELUe5vZR89_xJYZJNWNm5jYqp,Can new evidence prove there was no murder in the case against a woman charged with killing her fianc during a kayaking trip?,17
48 Hours,XOaXCPv_h6ZMcW_CoWQ9V2i8ugn893YV,"A young mother disappears, a double life exposed -- 8 years later, an arrest in the case",122416
48 Hours,QUF7Chmb2pc2rK1zvfoRIhn4GbT6a_YA,"Heartache, heartbreak and a ""48 Hours"" journey into the world of international adoptions",16
48 Hours,WWU432jSeiFsfBn7fTJ6nGAdD_ZVHOtt,Can a Facebook-savvy investigator solve the case of a mom murdered two decades ago?,122416
48 Hours,o50YXTcgLaotH2gvoiawoZ9IQaKM_VY6,Who wanted a one-time millionaire dead more: his ex-wife or his son?,15
48 Hours,2m4RsDscFo3orr52oAafXEZpgmB9G4XX,"A couple killed, a daughter suspected -- could a mortgage application lead to the killer?",121716
48 Hours,KyewFF0_atWWpGUiTQgMN0X3lYR__bix,Two daughters are determined to find their mother's killer. Will the investigation expose hidden secrets?,14
48 Hours,sFf7Mj1X9vHN5bdABAIrV9YOcBb6GxZv,A college student missing for 25 years -- has a Florida sheriff's office solved one of the state's biggest mysteries?,121016
48 Hours,LFon09abzm0wVpX7SxG4kUvFOVaMWL_B,Was an alleged religious cult responsible for a young bride's death?,13
48 Hours,CK5gq6QZwNZsTzD8of_emYxdZwlgchs6,"A triple murder, a young woman set afire in a wheelbarrow. Police have suspects until a courtroom twist changes everything.",120316
48 Hours,nOVBSdza1mmi7hl3DZ7WOtNISTqGOFg8,"A husband shot dead in his Costa Rican paradise, his wife's murder conviction tossed out -- who killed the Wall Street millionaire?",12
48 Hours,oVaspqqT0waK4maZ0EmIt50DcKCIHYxL,An ex-wife guns down her former husband -- did she break after being abused or was it cold-blooded murder?,112616
48 Hours,amzUPpvOLWHh3BHMFWsuQmkS_5r6EaUS,Can newly discovered evidence free a day care worker serving 31 years in prison for killing a toddler?,11
48 Hours,kqN6aOVsw_vB_aaM98GXIzl5oBQRCkNz,"Why was a colorful entrepreneur with powerful friends blown up in his car? His ex-wife speaks out to ""48 Hours""",111916
48 Hours,1uG5vnfd82P4pCSLd_W3JG_QzPu2BXaK,"Devastated after the FBI bows out of the case, the family of missing cruise ship honeymooner George Smith vows to fight for answers",10
48 Hours,MVjv28u3GJZKQMZpSkOTKUIE2yQPyuDe,How did a former beauty queen end up at the heart of a murder case?,111916
48 Hours,040NhXgGt_2rV2FIIDuU24RDLqljaDJW,An American couple looking for paradise in Panama --she ends up dead and exposes her ex-Marine boyfriend's secret life. Can a little used law find justice for her family?,9
48 Hours,ZilYndpEIdKPpqZdbawswwiLEOat9VWE,A former middle school athlete kept quiet about years of abuse by a trusted coach. Can she now get the woman to admit to her crimes?,111216
48 Hours,cl9bJ23ReVFp_GPLxxD848VXrlspi9ml,A woman withstands a brutal attack to find true love - the real story of a survivor and the hero EMT that helped save her life and more.,8
48 Hours,cJhn4AoACMYIcTeEypkKWS5_1Zqc5CTB,A lover is shot dead -- will a cell phone video recorded in the aftermath be enough to clear or convict?,102916
48 Hours,H9uocZJ_pnnfEKejQco_Sj48X6qKw6mj,"A millionaire is willing to shell out $80,000 to have someone kill his model wife. What could possibly go wrong?",7
48 Hours,G54LknD33YNvvzXE_e5SLL4Fe5aLLomQ,"A ""48 Hours"" interview with the wife of a millionaire shot dead turns the case upside down. Is there more to the story?",102216
48 Hours,TD_sgUPhteVqaPGzT4oqu9FpPJQ5z7lq,"Can new evidence uncovered in a ""48 Hours"" investigation lead to a Florida man convicted of murder walking free?",6
48 Hours,S2pz681PA7i2htzu_HxjQ2KI798DIxUR,The mysterious death of a tech executive and his last night with an exotic beauty captured on video - now a court decides her fate,101516
48 Hours,RcTzYTwlUMEHA3b_5KGM62BpHDNNQhs2,"Tried a third time for killing his wife, a wealthy businessman vows he's innocent. Will a jury finally believe him?",5
48 Hours,fU3JNCgg4XZG9gJlvAq1CRxXsb_ZqXty,She was murdered at 23. Five suspects and cops couldn't arrest anyone. It was the perfect crime for 34 years - until now,101516
48 Hours,LMi49ru0f_MxS6Hq6iC2_cm9K0X1FNhv,"A son is determined to prove his father, a doctor, killed his mother, a noted scientist. Will a jury believe him?",4
48 Hours,A1URSbyZHiwy1xN_l4Uy_81x_h34n4uY,A Florida mother claims she saw the murder of a friend in a dream. Is she clairvoyant or is she a killer?,100816
48 Hours,jpBbsf3GUaEsYjOz7844bsEuStSUVZFj,A wife says she shot her husband in self-defense. Police say she's a killer. Who's correct?,3
48 Hours,D8Q0S2pXNwGpWCUQI8ysAfBa4KVI_Xev,"A successful wife dead from nicotine poisoning. Her genius husband beat ""Jeopardy!"" -- can he beat a murder rap?",100116
48 Hours,IeTtRDT_dZv6MBpAzVQrsxF3Ey5D3AfD,A New Year's Eve party gone bad. A wife and mom shot in the head with her own gun. Did she pull the trigger? Maybe not.,2
48 Hours,4kL4bTACd8yVziig5tz4SEW8Ga6yrrfE,"A family murdered, the husband's on the run posing as a New York Times reporter. The true story behind a new Hollywood movie.",100116
48 Hours,e3nSmfrcfL8OoWJl9kVW0Gn3ehs8H4zD,"Help cops solve a 20-year-old case. A young woman killed, her family brutally stabbed - someone out there knows something ... is it you?",1
48 Hours,AS56Vyi2dSwmBt5a1m3Cz4ozRuWgJodW,Who wanted an Aspen legend dead? Some say anyone who ever met her. Maureen Maher investigates.,092416
48 Hours,rfdiMbrCx_vePDH3QjlOSQpPL50bYg8N,"A key witness in the murder case against an Arizona stockbroker accused of killing his ex-wife speaks out to ""48 Hours.""",67
48 Hours,yeKszKmuOHBhpXz76tlTfTiKsuAmPjzx,Was an alleged religious cult responsible for a young bride's death?,091716
48 Hours,Q_UcIcVdUfHI9mp_N0jv_eq9AqEazD8C,A bright college student lured into the world of bondage and domination by a friend. She said no - and didn't survive the night. Was it murder?,65
48 Hours,67KahpcIGpbdHS75PVdRQjKoXQzqXySr,"A Texas man tells Dr. Phil he's desperate to find his missing ex-girlfriend. 48 hours later, he tells police something different. Where's the truth?",091716
48 Hours,pH4cmI_0QBWmQUi2E9VfXWORuGPyuJXq,"A millionaire is willing to shell out $80,000 to have someone kill his model wife. What could possibly go wrong?",64
48 Hours,8rfXLD5CMk5hlRELNdwtq7Cd2FkgHsny,"""48 Hours"" investigates the mysterious death of a Google executive and his last night with an exotic beauty captured on video",091016
48 Hours,x69CypSJwmeQIl_t6k9DcrisKIjufDfB,A triple murder -- a young woman set afire in a wheelbarrow. Will this haunting clue close the case?,63
48 Hours,g_FjI0EfkobzhzlIRP7u4xwt8juRcqYx,An apparent suicide in a Pennsylvania church exposes secrets a twice-widowed pastor wants to keep hidden,090316
48 Hours,3D77NTuXej8RRM53Ewa9bRn2It1eTjTb,Two daughters are determined to find their mother's killer. Will the investigation expose hidden secrets?,62
48 Hours,W5Seo94m1R7zqCMp0D4TapuIkx4hlKGc,A family man accused of killing his wife has a bizarre outburst in court. Is he crazy or calculating?,090316
48 Hours,Gt1CPcvwPutfmtQf24DgZVni3kCvtcet,"A brat, a Batman collector, filthy rich and dead. Who killed Miami hotel heir Benji Novack?",61
48 Hours,eyP_RDSTf1x3d7sh5bg33KbucQgLivmU,Why would a man confess to killing his 14-year-old cousin if he didn't do it?,082016
48 Hours,A1tQVHcGPKZYB0x0O2V_WxRIuR80HN24,"A young woman, an alcoholic, thought she found help and a safe place -- what she found was a killer.",60
48 Hours,IxJvOB1TF7ZoB8b_o7rtsynwYPsPFRxJ,An ex-wife guns down her former husband -- did she break after being abused or was it cold-blooded murder? Erin Moriarty reports.,082016
48 Hours,E49kjONQQo3bhHqTm7LZwnUEQuCQNyLJ,"An ex-Marine, a secret life and a missing girlfriend -- was it murder? Peter Van Sant Investigates.",59
48 Hours,KcrR9bSuHhpnbRYQMiEL32Lsc9uI6SRN,A former reality show producer on trial for murdering his wife turns the camera on himself inside a Mexican prison. Troy Roberts reports.,081316
48 Hours,QGBo7H43lTkRZuNf8bb0su5iteLPQgMq,A 15-year-old boy goes to a dance and never returns. Teen killers keep a secret for 41 years - until one of them cracks,58
48 Hours,ud0cO_GkP_pSU1HgKb6IvOYr8NVWiOIc,"Kidnapped at knifepoint, a young woman outsmarts her attacker and shares her harrowing story of survival",081316
48 Hours,YjNEYHvKv9TISHKOIxbvQNeL2vtALttk,A former middle school athlete kept quiet about years of abuse by a trusted coach. Can she now get the woman to admit to her crimes?,57
48 Hours,QtZw_wHsNIprTYP9DwUcijXqZMUXZ61M,"Why was a colorful entrepreneur with powerful friends blown up in his car? His ex-wife speaks out for the first time to ""48 Hours""' Peter Van Sant.",080616
48 Hours,38mM0j9648s7EIjQ_xuLr0yqJIravNWO,A Costa Rican paradise turns into a house of horror. How did a Wall Street millionaire end up shot dead in his bedroom?,56
48 Hours,H7TJFbFh0dFMSH9dUn0x3ApE1waRqV9y,A Weight Watchers executive is murdered by her Wall Street lawyer boyfriend. Did his mother's neglect 30 years ago push him to kill? Troy Roberts investigates.,073016
48 Hours,Eeb9zH0eEmi6INysvEPdTT5ShJjWHlFT,"A popular teen couple, an intense breakup -- she's dead. Ever hear of breakup violence?",55
48 Hours,9CpP_mdA7nwe_6ST3jCDeVBxs_HKaV9J,Did a loving wife slip and fall off a cliff while posing for a snapshot or did her husband want more than a good picture?,073016
48 Hours,fIYLy79uxp_dSQ3NvsRzZfZwG3MiyX_N,A beautiful wife is suddenly dead. Would a twin really know if his brother was a killer?,54
48 Hours,h3uRv_Q6yyeb65ENrBWjIt_EWrX2gNVC,"Julia Roberts narrates this gripping account of the 2004 hostage crisis 10 years ago in the small Russian town of Beslan, where Chechen terrorists seized a school and killed over 330 innocent people, many of them children",072316
48 Hours,AGUm2iRdxTIatLyTh96OFt2hgACP0Z3U,A mother battles to prove her son died an American hero,53
48 Hours,r_DnnJggS_y7vPRKXlie2riu9TQYhrzO,A mother of three is found dead. She had secrets -- did she name her own killer?,071616
48 Hours,sVqwW_UXIsKeuL9Ud8nyM7K5e7sEwsSM,A detective is haunted by the case of two women missing for 30 years - now she's hot on the trail of a killer,52
48 Hours,d89H7X7ZDz0c1Ksp8fa26RofusTTKPg4,A high school dancer and aspiring model is found dead. Did the killer videotape the murder? Peter Van Sant reports.,071616
48 Hours,1dxhYvMMnenOCmAkKDTpbBOYIyrXfNPL,"Three murders, three trials, 13 years of reporting by ""48 Hours"" and a husband and father walks free",51
48 Hours,nhzBzhb_i_DnehnFWjllpjn8_vg70FoP,An actress is dead and her preacher boyfriend prays for answers. Maureen Maher reports.,071016
48 Hours,fjrldkp9UOVkOn5NlhIDZWaquBeX917u,A beauty queen is found murdered. The prime suspect -- the priest who heard her confession. Richard Schlesinger investigates.,49
48 Hours,S96_cyNyX94QO_iGorT1XUxgkc6yxjzP,Two women shot dead and a soldier is the prime suspect. Can the Army get justice against one of its own? Richard Schlesinger investigates.,070216
48 Hours,FFexCINWqyCIbKUQuht2_LzPr8I9wQIc,Did a bookie gamble away everything -- including his wife's life?,48
48 Hours,bWIOpvUQIWkllTmzwWItYL84PIJ5GT4E,"The head of security for a televangelist is threatened, his wife and sons murdered. Who wanted this family dead?",070216
48 Hours,9ih5AR_HDxuVK8Tc0lpKiH9Qb1akJkZc,"Can a $100,000 reward and a new team of FBI agents solve the 9-year-old case of a missing honeymooner?",47
48 Hours,kzwYEDEluX41Z___aK1LxroFDvFA_GIQ,Who wanted a one-time millionaire dead more: his live-in ex-wife or his son? Peter Van Sant investigates.,062516
48 Hours,2gGrVPrKsW0WO_KJEo_C4ukU5sHnVEjd,"An honor student shot dead -- an innocent bystander in a gang war. A ""48 Hours"" investigation into drugs, guns, gangs & the battle for Chicago. Maureen Maher and Armen Keteyian report.",46
48 Hours,Vw_ZsSX6qy2GoA3ETuPjAQeSu2LXV3kF,A mother believes she knows who murdered her daughter - can she prove it? Peter Van Sant investigates.,061816
48 Hours,j_EKWQpgyNkPAyq8Ro4w4grHMvmf_N3j,A mother's brutal murder reveals shocking family secrets. Tracy Smith reports.,45
48 Hours,XeryZMKF_yqg6_yja5UAZXU3FywZHH8k,"Olympic hero Oscar Pistorius shot his girlfriend -- was it an accident or is he a cold-blooded murderer? His closest family friend speaks out to ""48 Hours""",061816
48 Hours,8JmBX0Fqj4s5jNLjACLpG2Qjm2Mzj7Y8,A young mother is dead and identical twin brothers are the suspects. Did studying TV crime shows help them come close to pulling off the perfect crime? Erin Moriarty reports.,442
48 Hours,xZ4ZDRwpwUTAtDiklWaX0sWBilZmc2oz,"Facing a third trial for killing his wife, a wealthy New York businessman gives his first interview to ""48 Hours""' Erin Moriarty",061116
48 Hours,fAZOeM6T589ylfQxsZyVvw8kcOmdbi5p,An aspiring actress is brutally strangled. DNA was left all over the crime scene... leading police to a surprising suspect. Maureen Maher reports.,441
48 Hours,kRm3R_j2Z6idaHmZf__YCvnLGItEZ70h,A college student missing for 25 years - has a Florida sheriff's office solved one of the state's biggest mysteries? Tracy Smith reports.,061116
48 Hours,WgTo_l7iSGtSg7mCSr97sKyhPiDr_ZYH,"8 Hours Live to Tell: A breakup, one last hug. Was a college student walking into her own murder?",43
48 Hours,rGwy8_0wzcacV2gZ7_ExLipTHq4mz4t1,"A key witness in the murder case against an Arizona stockbroker accused of killing his ex-wife speaks out on network television for the first time in an interview with ""48 Hours."" Maureen Maher reports.",060416
48 Hours,N6ry2VWn_0RF7TpLMfQ6cElBuLAoCRfG,A music producer is convicted of murder after 26 years. Case closed? Not by a long shot. Correspondent Tracy Smith reports.,40
48 Hours,IM9JFdl7qNfPEX07KLAfCQ7salv0ISUS,Can a childhood memory of a friend's murder solve a 55-year-old cold case? Erin Moriarty investigates.,052816
48 Hours,G9Hnn1oHUaH69ySKpGzr66iuNK10ZZJk,"A couple killed, a daughter suspected - could a mortgage application lead to the killer? Erin Moriarty investigates.",41
48 Hours,86hPFHmJnr5so6QMKZHJg3Zj5iG6WPzR,"Two murdered teens, 32 years to get justice, and eight years of reporting by ""48 Hours"". Troy Roberts reports.",052816
48 Hours,5uYFqOHjXVii8gi9CrhLKN1NqlXyIBVk,A Weight Watchers executive is murdered by her Wall Street lawyer boyfriend. Did his mother's neglect 30 years ago push him to kill? Troy Roberts investigates.,39
48 Hours,anNSUNTYUapOh6Yf551DXHnmCczDewnd,A son helps a new detective find his father's killer. Troy Roberts reports.,052116
48 Hours,HOCAiecm2mVA_5ZiVu4JFFvoQKfcBnOg,"Was a brilliant Texas businessman with a taste for bondage killed by an intruder, someone he loved or by his own hand?",38
48 Hours,GU3DRDXAv7_PFnPr06jJdhi46pjEpISx,"A beauty queen, a rock musician and a cross-country hunt for a cold-blooded killer. Peter Van Sant reports.",052116
48 Hours,3W9kyAie_rC7zsp14LKYrKX0r7G282gJ,Can a Facebook-savvy investigator solve a two-decade old case of a murdered mom? Troy Roberts reports.,37
48 Hours,TzD2fBSzVipFdSQb00AHSNQ4uGtZhI2g,Can a son's shocking discovery about his father prove his mom's death wasn't a suicide? Susan Spencer investigates.,051416
48 Hours,br22y_wdntpv2KGErP7FW3ZoxDMjN01x,"A powerful politician, a forbidden affair - did he love her to death? ""48 Hours""' Richard Schlesinger reports.",36
48 Hours,MC6WxKRsgqCtjWRpphwiDivULUQgMENk,A lover is shot dead - will cell phone video taken in the aftermath be enough to clear or convict? Troy Roberts reports.,050716
48 Hours,tz58HJ8y6vpKQ3l_BHjvRRnJLrtAb4IJ,Why would a man confess to killing his 14-year-old cousin if he didn't do it? Erin Moriarty investigates.,35
48 Hours,JsXx3oaHQOxbXpXt9k02tbdYuORWD0LE,"Wrongly convicted of murder and finally free, can Ryan Ferguson put his life back together?",043016
48 Hours,PUERpiwVzN78G7WQz6nHdyLqH499FToc,Would getting away with murder be a final con for the man who posed as Clark Rockefeller?,34
48 Hours,H6_14Dv1_giRvcSFfarG_tTJ3APmU3O2,A detective is haunted by the case of two women missing for 30 years. Now she's hot on the trail of a killer - can she catch him? Susan Spencer reports.,042316
48 Hours,ctHmlkoE3QMGPXVvyEn7Ae_CE8O8TcLP,A mother of three is found dead in a Colorado river. She had secrets -- did she name her own killer? Tracy Smith reports.,34
48 Hours,ZEO5AaJF8dbpmq3ekSSmyNF_ANYGOv6_,A beauty queen is found murdered. The prime suspect -- the priest who heard her confession. Richard Schlesinger reports.,042316
48 Hours,IYk0aem1zZHpxV0jartsA_aBn8Fy1Sit,A gang of bodybuilders hatch a plan to kidnap and kill wealthy people. Troy Roberts has the real story that inspired a Hollywood movie.,33
48 Hours,eYvS7odIJbShePVgQDRJv3h_xhNd7yh9,A professional poker player is under suspicion for the brutal murder of his parents. Peter Van Sant reports.,041616
48 Hours,wBJ9sVX9IUse_NDZ2Samd0BMDz7wiuG2,A missing wife and a wild confession. What caused a top chef to jump from a California cliff?,32
48 Hours,KZDnHPKqIj9DTo8eGy8f083iq0Sm3tyq,Did a bookie gamble away everything -- including his wife's life?,040916
48 Hours,169n5Iy053lZYhpMac7NfLrgIMUKEgrf,"""48 Hours"" investigates the sometimes-shady business of international child adoptions and the lengths families will go to bring children home to the U.S.",31
48 Hours,4zhfp1Uzkf467WxNzKwMwZc7vj_EmH9G,An apparent suicide in a Pennsylvania church exposes secrets a twice-widowed pastor wants to keep hidden.,040216
48 Hours,CKHwjuTGCESonR5j0eIK2e9JjfxsHy8I,48 Hours Presents: Live to Tell: A woman is savagely beaten in her own home -- but her attacked refuses to say why,30
48 Hours,fQeH8YsMO2I8wy5MEUO_kcsMwzi4s_7l,48 Hours Presents: Live to Tell: A little girl is terrorized when a killer wants her family dead,040216
48 Hours,2EpRNeeXfitlMg7S4s6l7GSJ_4EU_duV,A haunted highway that attracts evil ... over 20 girls missing or murdered. Who killed them? Peter Van Sant investigates.,29
48 Hours,JdsdVk12m7ZxHq9jnqIJ3KBOfABj2VVi,Who wanted a one-time millionaire dead more: his ex-wife or his son? Peter Van Sant reports,031916
48 Hours,5QK1jMCPqeTZ2b_5eVUn6bNjYmO_Heg8,"Three murders, three trials, 13 years of reporting by ""48 Hours"" and a husband and father walks free. David Camm talks to ""48 Hours""' Richard Schlesinger in his first network TV interview since his trial.",28
48 Hours,MZyu8qTwTbuEDWgU34KIdGD7k94Idlj5,An aspiring actress is brutally strangled. DNA was left all over the crime scene... leading police to a surprising suspect. Maureen Maher investigates.,031216
48 Hours,em8iiERv12L7hu_8PMtIc6WBOQrkU7_O,"Did identical twin brothers nearly pull off the perfect murder by watching ""CSI?""",27
48 Hours,20iQfbufGwcysnoe3YCAr2s5Sh_OZoRF,A mother believes she knows who murdered her daughter -- can she prove it?,030516
48 Hours,PS3No1kF7b6v0SFPdll08ZJN8JRSEm3B,"A popular teen couple, an intense breakup -- and she's dead. Was it a case of breakup violence?",26
48 Hours,1M7G5CGkTgAT5NyF29fobC4WGYsiwHVf,New developments in Michael Skakel's push to overturn his conviction for the 1975 murder of 15-year-old Martha Moxley.,030516
48 Hours,wkR2dcelPNzH_0_elVy5Up9tG1EonFk2,"The untold final chapter of the amazing ""Clark Rockefeller"" story",25
48 Hours,c0l2ce5qwf7AMb2_6TxKw71kqfi27n0c,Did a loving wife slip and fall off a cliff while posing for a snapshot or did her husband want more than a good picture? Peter Van Sant investigates.,022716
48 Hours,ZlR7rdXAZJVknGT1lVXgft1sTMFMqN9v,Did high-tech engineer Shane Todd die protecting American secrets in Singapore?,24
48 Hours,DMvmTtze4fTSNlJXAAl5CQkQCu8izQ3T,"Two murdered teens, a 32-year search for justice and eight years of reporting by ""48 Hours"". Troy Roberts has the latest in the investigation.",022016
48 Hours,irPB0Y_zyNa3KTyqOhUqFDZTJL1moo4H,Two women shot dead and a soldier is the prime suspect. Can the Army get justice against one of its own?,23
48 Hours,iG59r7YA8PW6lgCalPzbLDcsU1_W73Qv,Can a childhood memory of a friend's murder solve a 55-year-old cold case?,021216
48 Hours,CYptKkXgp9NQzzc_UbPboSeL_QApJQH1,Did a motivational speaker motivate someone to kill him?,22
48 Hours,JOrbGR6VwSS6nLvuIWWVYiOP24972na1,A girlfriend wears a wire to help police expose her boyfriend's double life - but was he a killer? Maureen Maher reports.,013016
48 Hours,ZVRElI5unmVrZoAxVBQ1SfkM4IBj77_I,A woman is murdered - can secret pictures of her reveal clues about the killer? Richard Schlesinger reports.,21
48 Hours,3YDf0RIehg5_lgLIyPSwov6OUy5WB0f5,"A young Iraq veteran dies in a wreck leaving her ex-boyfriend unhurt. The crash didn't kill her, what did?",013016
48 Hours,xMFLnq4etTtGYZepMf59ClqaosS279Tu,A lawyer murdered and his wife left for dead -- the case that spawned a TV movie a killer tried to block. Peter Van Sant reports.,19
48 Hours,7Wt9fgH8nBYgkWiLANmlr577Ol39xSlD,"A mother torments the man she says killed her daughter, but can she get him to confess? Richard Schlesinger reports.",012316
48 Hours,CHsNxnnfLCyFYSSNojp3wHsrHYaH5XPU,A mother's brutal murder reveals shocking family secrets. Tracy Smith reports.,20
48 Hours,ihW54w_XX4x2vPibU1aV4e_dwCxt5_u3,"""48 Hours"" Live to Tell: A 15-year-old girl and her parents summon the courage to stop a serial killer in his tracks.",012216
48 Hours,_KN_YG__uoCHHLSJkYaNcqdUdzq3Z9Qk,A married couple is assassinated -- could an online map have led killers to the wrong house?,18
48 Hours,FtXOdSQKJZH4Z9zspmpErfd1Di6jRoh8,"""48 Hours"" Live to Tell: The lone survivor of a serial killer on a multi-state killing spree tells her story, in her words",011616
48 Hours,cHIETaSwizwmuDTQtRs5mMuKfKifW_sA,A shipwreck on the high seas forces a mother to make an unthinkable choice,17
48 Hours,rAZyzZxUpRlceOl8epkok1EWMy7w1oZ_,New details in the death of a missing escort; veteran detective speaks out for the first time on network TV,010216
48 Hours,_8IbhBC4BcVUwF35Ky8EXag6Ka4E3_MN,Why was a wealthy couple targeted for death?,16
48 Hours,hiOr7YzUHegVKI0hjic9Vk_m1fGA_0Q6,"A brat, a Batman collector, filthy rich and dead. Who killed Miami hotel heir Benji Novack? Troy Roberts reports.",122615
48 Hours,yymDoNcYY5GldFpDCg2CSCupvUBdkZ_Z,"He pulled off an international crime spree as a teenager. Peter Van Sant has the latest on Colton Harris-Moore, the infamous ""Barefoot Bandit.",16
48 Hours,EbF82sXkN4MwZ4_TlCFKijVRS3errFbK,Would a husband drug his kids so they wouldn't hear him kill his wife? Maureen Maher reports.,122615
48 Hours,yBd2X2AcsqGyLfoV3KGSRiqM9wRjy8UW,"After 40 years on the run, we know where a convicted killer is. What's next for George Wright? Susan Spencer reports.",15
48 Hours,cZYRZNz2yXjcgGRmPdZ_ONJVVJI2NRx7,"A beautiful wife is suddenly dead. Would a twin really know if his brother was a killer? ""48 Hours"" correspondent Erin Moriarty investigates.",121915
48 Hours,j0RwnoCpuiiVw6BFpfOeG2doQpdEhkIM,Ryan Ferguson is serving 40 years for murder -- but his accuser says it was all a lie. Can new information free an innocent man?,14
